"Practices","Tasks","Notional Implementation Examples","References"
"Define Security Requirements for Software Development (PO.1): Ensure that security requirements for software development are known at all times so that they can be taken into account throughout the SDLC and the duplication of effort can be minimized because the requirements information can be collected once and shared. This includes requirements from internal sources (e.g., the organization's policies, business objectives, and risk management strategy) and external sources (e.g., applicable laws and regulations).","PO.1.1: Identify and document all security requirements for the organization's software development infrastructures and processes, and maintain the requirements over time.","Example 1: Define policies for securing software development infrastructures and their components, including development endpoints, throughout the SDLC and maintaining that security.\nExample 2: Define policies for securing software development processes throughout the SDLC and maintaining that security, including for open-source and other third-party software components utilized by software being developed.\nExample 3: Review and update security requirements at least annually, or sooner if there are new requirements from internal or external sources, or if a major security incident targeting software development infrastructure has occurred.\nExample 4: Educate affected individuals on impending changes to requirements.","[BSAFSS]: SM.3, DE.1, IA.1, IA.2\n[BSIMM]: CP1.1, CP1.3, SR1.1, SR2.2, SE1.2, SE2.6\n[IEC62443]: SM-7, SM-9\n[NISTCSF]: ID.GV-3\n[OWASPASVS]: 1.1.1\n[OWASPMASVS]: 1.10\n[OWASPSAMM]: PC1-A, PC1-B, PC2-A\n[PCISSLC]: 2.1, 2.2\n[SCFPSSD]: Planning the Implementation and Deployment of Secure Development Practices\n[SP80053]: AT-03, CM-01, PL-08, PM-01, SA-01, SA-02, SA-08, SA-10, SA-15, SA-17, SR-01, SR-03, SR-05\n[SP800160]: 3.1.2, 3.2.1, 3.2.2, 3.3.1, 3.4.2, 3.4.3\n[SP800161]: AT-03, CM-01, PL-07, PL-08, SR-05\n[SP800181]: T0414; K0003, K0039, K0044, K0157, K0168, K0177, K0211, K0260, K0261, K0262, K0524; S0010, S0357, S0368; A0033, A0123, A0151"
"Define Security Requirements for Software Development (PO.1)","PO.1.2: Identify and document all security requirements for organization-developed software to meet, and maintain the requirements over time.","Example 1: Define policies that specify risk-based software architecture and design requirements, such as making code modular to facilitate code reuse and updates, isolating security components from other components during execution, avoiding undocumented commands and settings, using consensus standards where available, and providing features that will aid software acquirers with the secure deployment, operation, and maintenance of the software, including secure default configurations.\nExample 2: Define policies that specify the security requirements for the organization's software, and verify compliance at key points in the SDLC (e.g., classes of software flaws verified by gates, responses to vulnerabilities discovered in released software).\nExample 3: Analyze the risk of applicable technology stacks (e.g., languages, environments, deployment models), and recommend or require the use of stacks that will reduce risk compared to others.\nExample 4: Define policies that specify what needs to be archived for each software release (e.g., code, package files, third-party libraries, documentation, data inventory) and how long it needs to be retained based on the SDLC model, software end-of-life, and other factors.\nExample 5: Ensure that policies cover the entire software life cycle, including notifying users of the impending end of software support and the date of software end-of-life.\nExample 6: Review all security requirements at least annually, sooner if there are new requirements from internal or external sources, if a major vulnerability is discovered in released software, or if a major security incident targeting organization-developed software has occurred.\nExample 7: Establish and follow processes for handling requirement exception requests, including periodic reviews of all approved exceptions.","BSAFSS: SC.1-1, SC.2, PD.1-1, PD.1-2, PD.1-3, PD.2-2, SI, PA, CS, AA, LO, EE\nBSIMM: SM1.1, SM1.4, SM2.2, CP1.1, CP1.2, CP1.3, CP2.1, CP2.3, AM1.2, SFD1.1, SFD2.1, SFD3.2, SR1.1, SR1.3, SR2.2, SR3.3, SR3.4\nIEC62443: SR-3, SR-4, SR-5, SD-4\n[ISO27034]: 7.3.2\n[MSSDL]: 2, 5\nNISTCSF: ID.GV-3\nOWASPMAVS: 1.12\nOWASPSAMM: PC1-A, PC1-B, PC2-A, PC3-A, SR1-A, SR1-B, SR2-B, SA1-B, IR1-A\nPCISSLC: 2.1, 2.2, 2.3, 3.3\nSCFPSSD: Establish Coding Standards and Conventions\nSP80053: CA-03, CM-08, PM-01, PM-08, PM-18, PM-30, RA-03, SA-02, SA-04, SR-02\nSP800160: 3.1.2, 3.2.1, 3.3.1\nSP800161: CM-02, CM-07, PM-30, RA-03, RA-09, SC-07\nSP800181: T0414; K0003, K0039, K0044, K0157, K0168, K0177, K0211, K0260, K0261, K0262, K0524; S0010, S0357, S0368; A0033, A0123, A0151"
"Define Security Requirements for Software Development (PO.1)","PO.1.3: Communicate requirements to all third parties who will provide commercial software components to the organization for reuse by the organization's own software. [Formerly PW.3.1]","Example 1: Define a core set of security requirements for software components, and include it in acquisition documents, software contracts, and other agreements with third parties.\nExample 2: Define security-related criteria for selecting software, such as a third party's vulnerability disclosure program, product security incident response capabilities, or adherence to their organization-defined practices.\nExample 3: Require third parties to attest that their software complies with the organization's security requirements.\nExample 4: Require third parties to provide provenance data and integrity verification mechanisms for all components of their software.\nExample 5: Establish and follow processes to address risk when there are security requirements that third-party software components to be acquired do not meet, including periodic reviews of all approved exceptions to requirements.","BSAFSS: SM.1, SM.2, SM.2-1, SM.2-4\nBSIMM: CP2.4, CP3.2, SR2.5, SR3.2\n[IDASOAR]: 19, 21\nIEC62443: SM-9, SM-10\nMSSDL: 7\nNISTCSF: ID.SC-3\nOWASPSAMM: SR3-A\n[SCAGILE]: Tasks Requiring the Help of Security Experts 8\nSCFPSSD: Manage Security Risk Inherent in the Use of Third-Party Components\n[SCSIC]: Vendor Sourcing Integrity Controls\nSP80053: CA-03, SA-04, SA-21\nSP800160: 3.1.1, 3.1.2\nSP800181: T0203, T0415; K0039; S0374; A0056, A0161"
"Implement Roles and Responsibilities (PO.2): Ensure that everyone inside and outside of the organization involved in the SDLC is prepared to perform their SDLC-related roles and responsibilities throughout the SDLC.","PO.2.1: Create new roles and alter responsibilities for existing roles as needed to encompass all parts of the SDLC. Periodically review and maintain the defined roles and responsibilities, updating them as needed.","Example 1: Define SDLC-related roles and responsibilities for all members of the software development team.\nExample 2: Integrate the security roles into the software development team.\nExample 3: Define roles and responsibilities for cybersecurity staff, security champions, project managers and leads, senior management, software developers, software testers, software assurance leads and staff, product owners, operations, site reliability engineers and platform engineers, and others involved in the SDLC.\nExample 4: Conduct an annual review of all roles and responsibilities.\nExample 5: Educate affected individuals on impending changes to roles and responsibilities, and confirm that the individuals understand the changes and agree to follow them.\nExample 6: Implement and use tools and processes to promote communication and engagement among individuals with SDLC-related roles and responsibilities, such as creating messaging channels for team discussions.\nExample 7: Designate a group of individuals or a team as the code owner for each project.","BSAFSS: PD.2-1, PD.2-2\nBSIMM: SM1.1, SM2.3, SM2.7, CR1.7\nIEC62443: SM-2, SM-13\nNISTCSF: ID.AM-6, ID.GV-2\nPCISSLC: 1.2\nSCSIC: Vendor Software Development Integrity Controls\nSP80053: AC-02, AC-03, CM-05, CA-07\nSP800160: 3.2.1, 3.2.4, 3.3.1\nSP800181: K0233"
"Implement Roles and Responsibilities (PO.2)","PO.2.2: Provide role-based training for all personnel with responsibilities that contribute to secure development. Periodically review personnel proficiency and role-based training, and update the training as needed.","Example 1: Document the desired outcomes of training for each role.\nExample 2: Define the type of training or curriculum required to achieve the desired outcome for each role.\nExample 3: Create a training plan for each role.\nExample 4: Acquire or create training for each role; acquired training may need to be customized for the organization.\nExample 5: Measure outcome performance to identify areas where changes to training may be beneficial.","BSAFSS: PD.2-2\nBSIMM: T1.1, T1.7, T1.8, T2.5, T2.8, T2.9, T3.1, T3.2, T3.4\nIEC62443: SM-4\nMSSDL: 1\nNISTCSF: PR.AT\nOWASPSAMM: EG1-A, EG2-A\nPCISSLC: 1.3\nSCAGILE: Operational Security Tasks 14, 15; Tasks Requiring the Help of Security Experts 1\nSCFPSSD: Planning the Implementation and Deployment of Secure Development Practices\nSCSIC: Vendor Software Development Integrity Controls\nSP80053: AT-03, SA-16\nSP800160: 3.2.4, 3.2.6\nSP800161: AT-03\nSP800181: OV-TEA-001, OV-TEA-002; T0030, T0073, T0320; K0204, K0208, K0220, K0226, K0243, K0245, K0252; S0100, S0101; A0004, A0057"
"Implement Roles and Responsibilities (PO.2)","PO.2.3: Obtain upper management or authorizing official commitment to secure development, and convey that commitment to all with development-related roles and responsibilities.","Example 1: Appoint a single leader (e.g., a senior executive or C-suite level sponsor) or a leadership team to be responsible for the entire secure software development process, including being accountable for releasing software to production and delegating responsibilities as appropriate.\nExample 2: Increase authorizing officials' awareness of the risks of developing software without integrating security throughout the development life cycle and the risk mitigation provided by secure development practices.\nExample 3: Assist upper management in incorporating secure development support into their communications with personnel with development-related roles and responsibilities.\nExample 4: Educate all personnel with development-related roles and responsibilities on upper management's commitment to secure development and the importance of secure development to the organization.","BSIMM: SM1.3, SM2.7, CP2.5\nNISTCSF: ID.RM-1, ID.SC-1\nOWASPSAMM: SM1.A\nPCISSLC: 1.1\nSP80053: PM-03\nSP800181: T0001, T0004"
"Implement Supporting Toolchains (PO.3): Use automation to reduce human effort and improve the accuracy, reproducibility, usability, and comprehensiveness of security practices throughout the SDLC, as well as provide a way to document and demonstrate the use of these practices. Toolchains and tools may be used at different levels of the organization (e.g., organization-wide, project-specific) and may address a particular part of the SDLC, like a build pipeline.","PO.3.1: Specify which tools or tool types must or should be included in each toolchain to mitigate identified risks, as well as how the toolchain components are to be integrated with each other.","Example 1: Define categories of toolchains, and specify the mandatory tools or tool types to be used for each category.\nExample 2: Identify security tools to integrate into the developer toolchain.\nExample 3: Define what information is to be passed between tools and what data formats are to be used.\nExample 4: Evaluate tools' signing capabilities to create immutable records/logs for auditability within the toolchain.\nExample 5: Use automated technology for toolchain management and orchestration.","BSIMM: CR1.4, ST1.4, ST2.5, SE2.7\n[CNCFSSCP]: Securing Materials—Verification; Securing Build Pipelines—Verification, Automation, Secure Authentication/Access; Securing Artefacts—Verification; Securing Deployments—Verification\nMSSDL: 8\nOWASPSAMM: IR2-B, ST2-B\nSCAGILE: Tasks Requiring the Help of Security Experts 9\nSCSIC: Vendor Software Delivery Integrity Controls\nSP80053: CM-08, SA-15, SA-17, SR-09\nSP800161: CM-08, SR-09\nSP800181: K0013, K0178"
"Implement Supporting Toolchains (PO.3)","PO.3.2: Follow recommended security practices to deploy, operate, and maintain tools and toolchains.","Example 1: Evaluate, select, and acquire tools, and assess the security of each tool.\nExample 2: Integrate tools with other tools and existing software development processes and workflows.\nExample 3: Use code-based configuration for toolchains (e.g., pipelines as code, toolchains as code).\nExample 4: Implement the technologies and processes needed for reproducible builds.\nExample 5: Update, upgrade, or replace tools as needed to address tool vulnerabilities or add new tool capabilities.\nExample 6: Continuously monitor tools and tool logs for potential operational and security issues, including policy violations and anomalous behavior.\nExample 7: Regularly verify the integrity and check the provenance of each tool to identify potential problems.\nExample 8: See PW.6 regarding compiler, interpreter, and build tools.\nExample 9: See PO.5 regarding implementing and maintaining secure environments.","BSAFSS: DE.2\nBSIMM: SR1.1, SR1.3, SR3.4\nCNCFSSCP: Securing Build Pipelines—Verification, Automation, Controlled Environments, Secure Authentication/Access; Securing Artefacts—Verification, Automation, Controlled Environments, Encryption; Securing Deployments—Verification, Automation\nIEC62443: SM-7\n[IR8397]: 2.2\nOWASPASVS: 1.14.3, 1.14.4, 14.1, 14.2\nOWASPMASVS: 7.9\n[OWASPSCVS]: 3, 5\nSCAGILE: Tasks Requiring the Help of Security Experts 9\nSCFPSSD: Use Current Compiler and Toolchain Versions and Secure Compiler Options\nSCSIC: Vendor Software Delivery Integrity Controls\nSP80053: CM-06, CM-08, CM-10, CM-11, CM-14, SA-15, SA-17, SR-09\nSP800161: CM-06, CM-08, SR-09\nSP800181: K0013, K0178"
"Implement Supporting Toolchains (PO.3)","PO.3.3: Configure tools to generate artifacts of their support of secure software development practices as defined by the organization.","Example 1: Use existing tooling (e.g., workflow tracking, issue tracking, value stream mapping) to create an audit trail of the secure development-related actions that are performed for continuous improvement purposes.\nExample 2: Determine how often the collected information should be audited, and implement the necessary processes.\nExample 3: Establish and enforce security and retention policies for artifact data.\nExample 4: Assign responsibility for creating any needed artifacts that tools cannot generate.","BSAFSS: PD.1-5\nBSIMM: SM1.4, SM3.4, SR1.3\nCNCFSSCP: Securing Build Pipelines—Verification, Automation, Controlled Environments; Securing Artefacts—Verification\nIEC62443: SM-12, SI-2\nMSSDL: 8\nOWASPSAMM: PC3-B\nOWASPSCVS: 3.13, 3.14\nPCISSLC: 2.5\nSCAGILE: Tasks Requiring the Help of Security Experts 9\nSCSIC: Vendor Software Delivery Integrity Controls\nSP80053: AC-02, AU-03, AU-06, AU-07, AU-09, AU-12, CM-06, SA-15, SI-06, SI-12\nSP800161: AU-06, CM-06\nSP800181: K0013; T0024"
"Define and Use Criteria for Software Security Checks (PO.4): Help ensure that the software resulting from the SDLC meets the organization's expectations by defining and using criteria for checking the software's security during development.","PO.4.1: Define criteria for software security checks and track them throughout the SDLC.","Example 1: Ensure that the criteria adequately indicate how effectively security risk is being managed.\nExample 2: Define key performance indicators (KPIs), key risk indicators (KRIs), vulnerability severity scores, and other measures for software security.\nExample 3: Add software security criteria to existing checks (e.g., the Definition of Done in agile SDLC methodologies).\nExample 4: Review the artifacts generated as part of the software development workflow system to determine whether they meet the criteria.\nExample 5: Record security check approvals, rejections, and exception requests as part of the workflow and tracking system.\nExample 6: Analyze collected data in the context of the security successes and failures of each development project, and use the results to improve the SDLC.","BSAFSS: TV.2-1, TV.5-1\nBSIMM: SM1.4, SM2.1, SM2.2, SM2.6, SM3.3, CP2.2\nIEC62443: SI-1, SI-2, SVV-3\nISO27034: 7.3.5\nMSSDL: 3\nOWASPSAMM: PC3-A, DR3-B, IR3-B, ST3-B\nPCISSLC: 3.3\nSP80053: CM-09, SA-11, SA-15, SA-15(01), SI-06\nSP800160: 3.2.1, 3.2.5, 3.3.1\nSP800161: SA-11\nSP800181: K0153, K0165"
"Define and Use Criteria for Software Security Checks (PO.4)","PO.4.2: Implement processes and mechanisms to gather and safeguard necessary information in support of the criteria.","Example 1: Use the toolchain to automatically gather information that informs security decision-making.\nExample 2: Deploy additional tools if needed to support the generation and collection of information supporting the criteria.\nExample 3: Automate decision-making processes utilizing the criteria, and periodically review these processes.\nExample 4: Only allow authorized personnel to access the gathered information, and prevent any alteration or deletion of the information.","BSAFSS: PD.1-4, PD.1-5\nBSIMM: SM1.4, SM2.1, SM2.2, SM3.4\nIEC62443: SI-1, SVV-1, SVV-2, SVV-3, SVV-4\nOWASPSAMM: PC3-B\nPCISSLC: 2.5\nSCSIC: Vendor Software Delivery Integrity Controls\nSP80053: SA-11, SA-15, SA-15(01), SA-15(11), SI-12\nSP800160: 3.2.5, 3.3.7\nSP800161: SA-11\nSP800181: T0349; K0153"
"Implement and Maintain Secure Environments for Software Development (PO.5): Ensure that all components of the environments for software development are strongly protected from internal and external threats to prevent compromises of the environments or the software being developed or maintained within them. Examples of environments for software development include development, build, test, and distribution environments.","PO.5.1: Separate and protect each environment involved in software development.","Example 1: Use multi-factor, risk-based authentication and conditional access for each environment.\nExample 2: Use network segmentation and access controls to separate the environments from each other and production environments and to separate components from each other within each non-production environment in order to reduce attack surfaces and attackers' lateral movement and privilege/access escalation.\nExample 3: Enforce authentication, and tightly restrict connections entering and exiting each software development environment, including minimizing access to the internet to only what is necessary.\nExample 4: Minimize direct human access to toolchain systems, such as build services. Continuously monitor and audit all access attempts and all use of privileged access.\nExample 5: Minimize the use of production-environment software and services from non-production environments.\nExample 6: Regularly log, monitor, and audit trust relationships for authorization and access between the environments and between the components within each environment.\nExample 7: Continuously log and monitor operations and alerts across all components of the development environment to detect, respond, and recover from attempted and actual cyber incidents.\nExample 8: Configure security controls and other tools involved in separating and protecting the environments to generate artifacts for their activities.\nExample 9: Continuously monitor all software deployed in each environment for new vulnerabilities, and respond to vulnerabilities appropriately following a risk-based approach.\nExample 10: Configure and implement measures to secure the environments' hosting infrastructures following a zero trust architecture.","BSAFSS: DE.1, IA.1, IA.2\nCNCFSSCP: Securing Build Pipelines—Controlled Environments\nIEC62443: SM-7\nNISTCSF: PR.AC-5, PR.DS-7\nSCAGILE: Tasks Requiring the Help of Security Experts 11\nSCSIC: Vendor Software Delivery Integrity Controls\nSP80053: AC-04, CM-02, CM-12, PL-08, SA-03, SA-03(01), SA-08, SA-15, SA-17, SC-07, SC-07(01), SC-07(29)\nSP800161: AC-04, CM-02, CM-12, PL-08, SA-03, SC-07\nSP800181: OM-NET-001, SP-SYS-001; T0019, T0023, T0144, T0160, T0262, T0438, T0484, T0485, T0553; K0001, K0005, K0007, K0033, K0049, K0056, K0061, K0071, K0104, K0112, K0179, K0326, K0487; S0007, S0084, S0121; A0048"
"Implement and Maintain Secure Environments for Software Development (PO.5)","PO.5.2: Secure and harden development endpoints (e.g., for software designers, developers, testers, builders) to perform development-related tasks using a risk-based approach.","Example 1: Configure each development endpoint based on approved hardening guides and checklists (e.g., enable FIPS-compliant encryption of all sensitive data at rest and in transit).\nExample 2: Configure development endpoints and resources to provide the least functionality needed by users and services and to enforce the principle of least privilege.\nExample 3: Continuously monitor the security posture of all development endpoints, including monitoring and auditing all use of privileged access.\nExample 4: Configure security controls and other tools involved in securing and hardening development endpoints to generate artifacts for their activities.\nExample 5: Require multi-factor authentication for all access to development endpoints and resources.\nExample 6: Provide dedicated development endpoints on non-production networks for performing all development-related tasks. Provide separate endpoints on production networks for all other tasks.\nExample 7: Configure each development endpoint following a zero trust architecture.","BSAFSS: DE.1-1, IA.1, IA.2\nIEC62443: SM-7\nNISTCSF: PR.AC-4, PR.AC-7, PR.IP-1, PR.IP-3, PR.IP-12, PR.PT-1, PR.PT-3, DE.CM\nSCAGILE: Tasks Requiring the Help of Security Experts 11\nSCSIC: Vendor Software Delivery Integrity Controls\nSP80053: CM-02, CM-03, CM-04, CM-06, CM-14, SA-15, SA-17\nSP800161: CM-02, CM-03, CM-06\nSP800181: OM-ADM-001, SP-SYS-001; T0484, T0485, T0489, T0553; K0005, K0007, K0077, K0088, K0130, K0167, K0205, K0275; S0076, S0097, S0121, S0158; A0155"
"Define and Implement a Continuous Process Improvement Plan (PO.6): Identify and execute improvements to cybersecurity processes and procedures throughout the SDLC across all SSDF practices.","PO.6.1: Update and improve software development environments in response to new threats and as new tools are included in the development process.","Example 1: Add new scanning tools or update the configurations of existing tools to check for malicious content in artifacts received from suppliers. Actions could be executed as part of a response to an incident or based on threat reports.\nExample 2: Improve logging and audit capabilities in development environments by working with internal security teams to identify the best format, events to capture, and level of granularity that enable quick reconstruction of security-related actions.\nExample 3: Incorporate and adapt zero trust capabilities as they become available in underlying IT and development infrastructures.","[NISTCSF20]: ID.IM\nSP80053: CM-09, RA-03, SA-15"
"Define and Implement a Continuous Process Improvement Plan (PO.6)","PO.6.2: Identify new processes, tools, and techniques that can help avoid software errors (see PW.7, RV.3.3).","Example 1: Use new languages or features in existing languages that eliminate classes of vulnerabilities.\nExample 2: Evaluate and adopt tools that expand testing coverage in response to known vulnerabilities.\nExample 3: Improve logging capabilities in software by working with customers and security logging vendors or tools to identify the best format, events to capture, and level of granularity that enable quick reconstruction of security-related actions.","NISTCSF20: ID.IM\nSP80053: SA-15"
"Define and Implement a Continuous Process Improvement Plan (PO.6)","PO.6.3: Improve vulnerability response processes, and periodically review prior decisions (see RV.2.2).","Example 1: Periodically review decisions, particularly if a decision to not provide a software update is made in favor of some other mitigation, and the implementation of measures to identify customer impact over time.","NISTCSF20: ID.IM\nSP80053: RA-05, SA-15"
"Protect All Forms of Code from Unauthorized Access and Tampering (PS.1): Help prevent unauthorized changes to code, both inadvertent and intentional, which could circumvent or negate the intended security characteristics of the software. For code that is not intended to be publicly accessible, this helps prevent the theft of the software and may make it more difficult or time-consuming for attackers to find vulnerabilities in the software.","PS.1.1: Store all forms of code – including source code, executable code, and configuration as code – based on the principle of least privilege so that only authorized personnel, tools, and services have access.","Example 1: Store all source code and configuration as code in a code repository, and restrict access to it based on the nature of the code. For example, open-source code intended for public access may need its integrity and availability protected; other code may also need its confidentiality protected.\nExample 2: Use version control features of the repository to track all changes made to the code with accountability to the individual account.\nExample 3: Use commit signing for code repositories.\nExample 4: Have the code owner review and approve all changes made to the code by others.\nExample 5: Use code signing to help protect the integrity of executables.\nExample 6: Use cryptography (e.g., cryptographic hashes) to help protect file integrity.","BSAFSS: IA.1, IA.2, SM.4-1, DE.1-2\nBSIMM: SE2.4\nCNCFSSCP: Securing the Source Code—Verification, Automation, Controlled Environments, Secure Authentication; Securing Materials—Automation\nIDASoar: Fact Sheet 25\nIEC62443: SM-6, SM-7, SM-8\nNISTCSF: PR.AC-4, PR.DS-6, PR.IP-3\nOWASPASVS: 1.10, 10.3.2\nOWASPMASVS: 7.1\nOWASPSAMM: OE3-B\nPCISSLC: 5.1, 6.1\nSCSIC: Vendor Software Delivery Integrity Controls, Vendor Software Development Integrity Controls\nSP80053: AC-03, AC-06, CM-05, SA-10, SC-12, SC-28, SI-12\nSP800161: AC-03, SC-28"
"Provide a Mechanism for Verifying Software Release Integrity (PS.2): Help software acquirers ensure that the software they acquire is legitimate and has not been tampered with.","PS.2.1: Make software integrity verification information available to software acquirers.","Example 1: Post cryptographic hashes for release files on a well-secured website.\nExample 2: Use an established certificate authority for code signing so that consumers' operating systems or other tools and services can confirm the validity of signatures before use.\nExample 3: Periodically review the code signing processes, including certificate renewal, rotation, revocation, and protection.","BSAFSS: SM.4, SM.5, SM.6\nBSIMM: SE2.4\nCNCFSSCP: Securing Deployments—Verification\nIEC62443: SM-6, SM-8, SUM-4\nNISTCSF: PR.DS-6\n[NISTLABEL]: 2.2.2.4\nOWASPSAMM: OE3-B\nOWASPSCVS: 4\nPCISSLC: 6.1, 6.2\nSCSIC: Vendor Software Delivery Integrity Controls\nSP80053: AU-07, SA-05, SA-08, SA-11\nSP800161: SA-11\nSP800181: K0178"
"Archive and Protect Each Software Release (PS.3): Preserve software releases in order to help identify, analyze, and eliminate vulnerabilities discovered in the software after release.","PS.3.1: Securely archive the necessary files and supporting data (e.g., integrity verification information, provenance data) to be retained for each software release.","Example 1: Store the release files, images, and other associated data in repositories following the organization's established policy. Allow read-only access to them by necessary personnel and no access by anyone else.\nExample 2: Store and protect release integrity verification information and provenance data, such as by keeping it in a separate location from the release files or by signing the data.","BSAFSS: PD.1-5, DE.1-2, IA.2\nCNCFSSCP: Securing Artefacts—Automation, Controlled Environments, Encryption; Securing Deployments—Verification\nIDASoar: 25\nIEC62443: SM-6, SM-7\nNISTCSF: PR.IP-4\nOWASPSCVS: 1, 3.18, 3.19, 6.3\nPCISSLC: 5.2, 6.1, 6.2\nSCSIC: Vendor Software Delivery Integrity Controls\nSP80053: CM-08, CM-12, CP-06, CP-09, MP-02, MP-03, MP-04, SA-10, SA-15, SA-15(11), SC-08, SC-28, SI-12, SR-04\nSP800161: MP-01, SC-28, SC-36, SR-04"
"Archive and Protect Each Software Release (PS.3)","PS.3.2: Collect, safeguard, maintain, and share provenance data for all components of each software release (e.g., in a software bill of materials [SBOM]).","Example 1: Make the provenance data available to software acquirers in accordance with the organization's policies, preferably using standards-based formats.\nExample 2: Make the provenance data available to the organization's operations and response teams to aid them in mitigating software vulnerabilities.\nExample 3: Protect the integrity of provenance data, and provide a way for recipients to verify provenance data integrity.\nExample 4: Update the provenance data every time any of the software's components are updated.","BSAFSS: SM.2\nBSIMM: SE3.6\nCNCFSSCP: Securing Materials—Verification, Automation\n[NTIASBOM]: All\nOWASPSCVS: 1.4, 2\nSCSIC: Vendor Software Delivery Integrity Controls\n[SCTPC]: MAINTAIN3\nSP80053: CM-08, CM-12, SA-08, SR-03, SR-04\nSP800161: CM-08, CM-12"
"Ensure Software Updates Are Robust and Reliable (PS.4): Implement robust and reliable software update strategies, preferably allowing customers to control any updates to the software package and application configurations. Help software acquirers maintain operations and minimize disruptions by ensuring that software updates are tested and responsibly delivered.","PS.4.1: Thoroughly test all releases following all guidance in PW.","Example 1: Test using configurations and environments that replicate actual or expected customer installations.\nExample 2: Consider using an ""early access"" program to allow customers to test updates before general release.","SP80053: CM-03, CM-04, SA-11\nSP800161: SA-11"
"Ensure Software Updates Are Robust and Reliable (PS.4)","PS.4.2: Use tiered update and release strategies, such as canaries, staged roll-out, and test deployments.","Example 1: Enable customers to configure and identify those systems that they consider critical and those that are considered safe to receive early updates for testing purposes.\nExample 2: Support multiple strategies for rolling out updates to customers, including staged or segmented rollouts with built-in wait times for customer feedback.\nExample 3: Consider the use of mechanisms that enable tailored updates or that support or provide information for troubleshooting problems while still maintaining user privacy.","SP80053: CM-02, CM-06, CM-09, SA-10\nSP800161: CM-02, CM-06"
"Ensure Software Updates Are Robust and Reliable (PS.4)","PS.4.3: Include robust rollback mechanisms for updates.","Example 1: Failed software updates automatically revert software to the last known good configuration, leaving systems in a runnable state.\nExample 2: Enable end-user organizations to roll back updates on systems as needed.\nExample 3: Implement protection mechanisms that prevent unauthorized roll-back to vulnerable software versions.","SP80053: CM-02, CM-09, SA-08, SA-10\nSP800161: CM-02"
"Ensure Software Updates Are Robust and Reliable (PS.4)","PS.4.4: Maintain robust and reliable update engines and associated infrastructure for the delivery of updates.","Example 1: Make the update engine fault-tolerant so that it can recover and retry downloading an update in the event of infrastructure overload.\nExample 2: Have the delivery infrastructure for updates degrade gracefully, or refuse new download attempts until current requests have been completed.","SP80053: CA-06, CA-07, CM-09, SA-10"
"Design Software to Meet Security Requirements and Mitigate Security Risks (PW.1): Identify and evaluate the security requirements for the software; determine what security risks the software is likely to face during operation and how the software's design and architecture should mitigate those risks; and justify any cases for which risk-based analysis indicates that security requirements should be relaxed or waived. Addressing security requirements and risks during software design (i.e., secure by design) is key to improving software security and also helps improve development efficiency.","PW.1.1: Use forms of risk modeling (e.g., threat modeling, attack modeling, attack surface mapping) to help assess the security risk for the software.","Example 1: Train the development team (security champions, in particular) or collaborate with a risk modeling expert to create models and analyze how to use a risk-based approach to communicate the risks and determine how to address them, including implementing mitigations.\nExample 2: Perform more rigorous assessments for high-risk areas, such as protecting sensitive data and safeguarding identification, authentication, and access control, including credential management.\nExample 3: Review vulnerability reports and statistics for previous software to inform the security risk assessment.\nExample 4: Use data classification methods to identify and characterize each type of data that the software will interact with.\nExample 5: Consider processes for creating and sharing under controlled disclosure the risk and threat models used during software development to inform customer risk management decisions.","BSAFSS: SC.1\nBSIMM: AM1.2, AM1.3, AM1.5, AM2.1, AM2.2, AM2.5, AM2.6, AM2.7, SFD2.2, AA1.1, AA1.2, AA1.3, AA2.1\nIDASoar: 1\nIEC62443: SM-4, SR-1, SR-2, SD-1\nIR8397: 2.1\nISO27034: 7.3.3\nMSSDL: 4\nNISTCSF: ID.RA\nOWASPASVS: 1.1.2, 1.2, 1.4, 1.6, 1.8, 1.9, 1.11, 2, 3, 4, 6, 8, 9, 11, 12, 13\nOWASPMASVS: 1.6, 1.8, 2, 3, 4, 5, 6\nOWASPSAMM: TA1-A, TA1-B, TA3-B, DR1-A\nPCISSLC: 3.2, 3.3\nSCAGILE: Tasks Requiring the Help of Security Experts 3\nSCFPSSD: Threat Modeling\n[SCTTM]: Entire guide\nSP80053: AT-03, CA-02, CA-08, RA-03, SA-08, SA-11, SA-11(02), SA-11(06), SA-15, SA-15(05), SI-02\nSP800160: 3.3.4, 3.4.5\nSP800161: AT-03, CA-02, RA-03, RA-09\nSP800181: T0038, T0062; K0005, K0009, K0038, K0039, K0070, K0080, K0119, K0147, K0149, K0151, K0152, K0160, K0161, K0162, K0165, K0297, K0310, K0344, K0362, K0487, K0624; S0006, S0009, S0022, S0078, S0171, S0229, S0248; A0092, A0093, A0107"
"Design Software to Meet Security Requirements and Mitigate Security Risks (PW.1)","PW.1.2: Track and maintain the software's security requirements, risks, and design decisions.","Example 1: Record the response to each risk, including how mitigations are to be achieved and what the rationales are for any approved exceptions to the security requirements. Add any mitigations to the software's security requirements.\nExample 2: Maintain records of design decisions, risk responses, and approved exceptions that can be used for auditing and maintenance purposes throughout the rest of the software life cycle.\nExample 3: Periodically re-evaluate all approved exceptions to the security requirements, and implement changes as needed.","BSAFSS: SC.1-1, PD.1-1\nBSIMM: SFD3.1, SFD3.3, AA2.2, AA3.2\nIEC62443: SD-1\nISO27034: 7.3.3\nMSSDL: 4\nNISTLABEL: 2.2.2.2\nOWASPASVS: 1.1.3, 1.1.4\nOWASPMASVS: 1.3, 1.6\nOWASPSAMM: DR1-B\nPCISSLC: 3.2, 3.3\nSP80053: CA-07, CM-02, CM-03, CM-04, CM-06, CM-09, PL-06, PL-08, RA-03, SA-08, SA-10, SA-17\nSP800161: CM-02, CM-03, CM-06, RA-03, RA-09\nSP800181: T0256; K0005, K0038, K0039, K0147, K0149, K0160, K0161, K0162, K0165, K0344, K0362, K0487; S0006, S0009, S0078, S0171, S0229, S0248; A0092, A0107"
"Design Software to Meet Security Requirements and Mitigate Security Risks (PW.1)","PW.1.3: Where appropriate, build in support for using standardized security features and services (e.g., enabling software to integrate with existing log management, identity management, access control, and vulnerability management systems) instead of creating proprietary implementations of security features and services. [Formerly PW.4.3]","Example 1: Maintain one or more software repositories of modules for supporting standardized security features and services.\nExample 2: Determine secure configurations for modules for supporting standardized security features and services, and make these configurations available (e.g., as configuration-as-code) so developers can readily use them.\nExample 3: Define criteria for which security features and services must be supported by software to be developed.\nExample 4: Use common and secure logging formats and features.\nExample 5: Ensure that the software adheres to the principle of least privilege. Identify the minimal functionality needed when operating with elevated privileges (e.g., kernel space or admin privileges). Design software modules with the minimal functionality needed to run with elevated privileges, and ensure that all other capabilities and functionalities are run with lower privileges (e.g., user space or application privileges).","BSAFSS: SI.2-1, SI.2-2, LO.1\nBSIMM: SFD1.1, SFD2.1, SFD3.2, SR1.1, SR3.4\nIEC62443: SD-1, SD-4\nMSSDL: 5\nOWASPASVS: 1.1.6\nOWASPSAMM: SA2-A\nSCFPSSD: Standardize Identity and Access Management; Establish Log Requirements and Audit Practices\nSP80053: AU-03, CM-02, CM-06, CM-07, PL-09, SA-08, SA-17\nSP800161: CM-02, CM-06"
"Review the Software Design to Verify Compliance with Security Requirements and Risk Information (PW.2): Help ensure that the software will meet the security requirements and satisfactorily address the identified risk information.","PW.2.1: Have 1) a qualified person (or people) who were not involved with the design and/or 2) automated processes instantiated in the toolchain review the software design to confirm and enforce that it meets all of the security requirements and satisfactorily addresses the identified risk information.","Example 1: Review the software design to confirm that it addresses applicable security requirements.\nExample 2: Review the risk models created during software design to determine if they appear to adequately identify the risks.\nExample 3: Review the software design to confirm that it satisfactorily addresses the risks identified by the risk models.\nExample 4: Have the software's designer correct failures to meet the requirements.\nExample 5: Change the design and/or the risk response strategy if the security requirements cannot be met.\nExample 6: Record the findings of design reviews to serve as artifacts (e.g., in the software specification, in the issue tracking system, in the threat model).","BSAFSS: TV.3\nBSIMM: AA1.1, AA1.2, AA1.3, AA2.1, AA3.1\nIEC62443: SM-2, SR-2, SR-5, SD-3, SD-4, SI-2\nISO27034: 7.3.3\nOWASPASVS: 1.1.5\nOWASPSAMM: DR1-A, DR1-B\nPCISSLC: 3.2\nSP80053: CA-01, CA-03\nSP800181: T0328; K0038, K0039, K0070, K0080, K0119, K0152, K0153, K0161, K0165, K0172, K0297; S0006, S0009, S0022, S0036, S0141, S0171"
"Verify Third-Party Software Complies with Security Requirements (PW.3)","PW.3.1: Moved to PO.1.3","N/A","N/A"
"Verify Third-Party Software Complies with Security Requirements (PW.3)","PW.3.2: Moved to PW.4.4","N/A","N/A"
"Reuse Existing, Well-Secured Software When Feasible Instead of Duplicating Functionality (PW.4): Lower the costs of software development, expedite software development, and decrease the likelihood of introducing additional security vulnerabilities into the software by reusing software modules and services that have already had their security posture checked. This is particularly important for software that implements security functionality, such as cryptographic modules and protocols.","PW.4.1: Acquire and maintain well-secured software components (e.g., software libraries, modules, middleware, frameworks) from commercial, open-source, and other third-party developers for use by the organization's software.","Example 1: Review and evaluate third-party software components in the context of their expected use. If a component is to be used in a substantially different way in the future, perform the review and evaluation again with that new context in mind.\nExample 2: Determine secure configurations for software components, and make these available (e.g., as configuration-as-code) so developers can readily use the configurations.\nExample 3: Obtain provenance information (e.g., SBOM, source composition analysis, binary software composition analysis) for each software component, and analyze that information to better assess the risk that the component may introduce.\nExample 4: Establish one or more software repositories to host sanctioned and vetted open-source components.\nExample 5: Maintain a list of organization-approved commercial software components and component versions along with their provenance data.\nExample 6: Designate which components must be included in software to be developed.\nExample 7: Implement processes to update deployed software components to newer versions, and retain older versions of software components until all transitions from those versions have been completed successfully.\nExample 8: If the integrity or provenance of acquired binaries cannot be confirmed, build binaries from source code after verifying the source code's integrity and provenance.","BSAFSS: SM.2\nBSIMM: SFD2.1, SFD3.2, SR2.4, SR3.1, SE3.6\nCNCFSSCP: Securing Materials—Verification\nIDASoar: 19\nIEC62443: SM-9, SM-10\nMSSDL: 6\nNISTCSF: ID.SC-2\nOWASPASVS: 1.1.6\nOWASPSAMM: SA1-A\nOWASPSCVS: 4\nSCSIC: Vendor Sourcing Integrity Controls\nSCTPC: MAINTAIN\nSP80053: CM-08, SA-04, SA-05, SA-10(06), SC-12, SR-03, SR-04\nSP800161: SR-13\nSP800181: K0039"
"Reuse Existing, Well-Secured Software When Feasible Instead of Duplicating Functionality (PW.4)","PW.4.2: Create and maintain well-secured software components in-house following SDLC processes to meet common internal software development needs that cannot be better met by third-party software components.","Example 1: Follow organization-established security practices for secure software development when creating and maintaining the components.\nExample 2: Determine secure configurations for software components, and make these available (e.g., as configuration-as-code) so developers can readily use the configurations.\nExample 3: Maintain one or more software repositories for these components.\nExample 4: Designate which components must be included in software to be developed.\nExample 5: Implement processes to update deployed software components to newer versions, and maintain older versions of software components until all transitions from those versions have been completed successfully.","BSIMM: SFD1.1, SFD2.1, SFD3.2, SR1.1\nIDASoar: 19\nOWASPASVS: 1.1.6\nSCTPC: MAINTAIN\nSP80053: CM-09, CM-11, SA-15, SA-17, SA-20\nSP800181: SP-DEV-001"
"Reuse Existing, Well-Secured Software When Feasible Instead of Duplicating Functionality (PW.4)","PW.4.3: Moved to PW.1.3","N/A","N/A"
"Reuse Existing, Well-Secured Software When Feasible Instead of Duplicating Functionality (PW.4)","PW.4.4: Verify that acquired commercial, open-source, and all other third-party software components comply with the requirements, as defined by the organization, throughout their life cycles.","Example 1: Regularly check whether there are publicly known vulnerabilities in the software modules and services that vendors have not yet remediated.\nExample 2: Build into the toolchain automatic detection of known vulnerabilities in software components.\nExample 3: Use existing results from commercial services for vetting the software modules and services.\nExample 4: Ensure that each software component is still actively maintained and has not reached end of life. This should include assurance that new vulnerabilities found in the software are being remediated and should extend to software that has been acquired as part of a merger or acquisition.\nExample 5: Determine a plan of action for each software component that is no longer being maintained or will not be available in the near future.\nExample 6: Confirm the integrity of software components through digital signatures or other mechanisms.\nExample 7: Review, analyze, and/or test code. See PW.7 and PW.8.\nExample 8: Regularly review all third-party libraries for ownership changes, and evaluate any impacts from a change in ownership.","BSAFSS: SC.3-1, SM.2-1, SM.2-2, SM.2-3, TV.2, TV.3\nBSIMM: CP3.2, SR2.4, SR3.1, SR3.2, SE2.4, SE3.6\nCNCFSSCP: Securing Materials—Verification, Automation\nIDASoar: 21\nIEC62443: SI-1, SM-9, SM-10, DM-1\nIR8397: 2.11\nMSSDL: 7\nNISTCSF: ID.SC-4, PR.DS-6\nNISTLABEL: 2.2.2.2\nOWASPASVS: 10, 14.2\nOWASPMASVS: 7.5\nOWASPSAMM: TA3-A, SR3-B\nOWASPSCVS: 4, 5, 6\nPCISSLC: 3.2, 3.4, 4.1\nSCAGILE: Tasks Requiring the Help of Security Experts 8\nSCFPSSD: Manage Security Risk Inherent in the Use of Third-Party Components\nSCSIC: Vendor Sourcing Integrity Controls, Peer Reviews and Security Testing\nSCTPC: MAINTAIN, ASSESS\nSP80053: CA-02, CA-05, CA-06, SA-09, SR-03, SR-04, SR-04(03), SR-04(04)\nSP800160: 3.1.2, 3.3.8\nSP800161: SR-03, SR-04\nSP800181: SP-DEV-002; K0153, K0266; S0298"
"Reuse Existing, Well-Secured Software When Feasible Instead of Duplicating Functionality (PW.4)","PW.4.5: Moved to PW.4.1 and PW.4.4","N/A","N/A"
"Create Source Code by Adhering to Secure Coding Practices (PW.5): Decrease the number of security vulnerabilities in the software, and reduce costs by minimizing vulnerabilities introduced during source code creation that meet or exceed organization-defined vulnerability severity criteria.","PW.5.1: Follow all secure coding practices that are appropriate to the development languages and environment to meet the organization's requirements.","Example 1: Validate all inputs, and validate and properly encode all outputs.\nExample 2: Avoid using unsafe functions and calls.\nExample 3: Detect errors, and handle them gracefully.\nExample 4: Provide logging and tracing capabilities.\nExample 5: Use development environments with automated features that encourage or require the use of secure coding practices with just-in-time training-in-place.\nExample 6: Follow procedures for manually ensuring compliance with secure coding practices when automated methods are insufficient or unavailable.\nExample 7: Use tools (e.g., linters, formatters) to standardize the style and formatting of the source code.\nExample 8: Check for other vulnerabilities that are common to the development languages and environment.\nExample 9: Have the developer review their own human-readable code to complement (not replace) code review performed by other people or tools. See PW.7.\nExample 10: When designing interfaces that accept input, use well-structured input formats that can be easily validated and sanitized.\nExample 11: Where appropriate, use formal methods and provers to validate the correctness of code. While particular attention should be given to high-risk code, other sections of code may also benefit from these techniques while balancing cost and risk trade-offs.","BSAFSS: SC.2, SC.3, LO.1, EE.1\nBSIMM: SR3.3, CR1.4, CR3.5\nIDASoar: 2\nIEC62443: SI-1, SI-2\nISO27034: 7.3.5\nMSSDL: 9\nOWASPASVS: 1.1.7, 1.5, 1.7, 5, 7\nOWASPMASVS: 7.6\nSCFPSSD: Establish Log Requirements and Audit Practices, Use Code Analysis Tools to Find Security Issues Early, Handle Data Safely, Handle Errors, Use Safe Functions Only\nSP80053: SA-15, SI-03, SI-10, SI-10(03)\nSP800181: SP-DEV-001; T0013, T0077, T0176; K0009, K0016, K0039, K0070, K0140, K0624; S0019, S0060, S0149, S0172, S0266; A0036, A0047"
"Create Source Code by Adhering to Secure Coding Practices (PW.5)","PW.5.2: Moved to PW.5.1 as example","N/A","N/A"
"Configure the Compilation, Interpreter, and Build Processes to Improve Executable Security (PW.6): Decrease the number of security vulnerabilities in the software and reduce costs by eliminating vulnerabilities before testing occurs.","PW.6.1: Use compiler, interpreter, and build tools that offer features to improve executable security.","Example 1: Use up-to-date versions of compiler, interpreter, and build tools.\nExample 2: Follow change management processes when deploying or updating compiler, interpreter, and build tools, and audit all unexpected changes to tools.\nExample 3: Regularly validate the authenticity and integrity of compiler, interpreter, and build tools. See PO.3.","BSAFSS: DE.2-1\nBSIMM: SE2.4\nCNCFSSCP: Securing Build Pipelines—Verification, Automation\nIEC62443: SI-2\nMSSDL: 8\nSCAGILE: Operational Security Task 3\nSCFPSSD: Use Current Compiler and Toolchain Versions and Secure Compiler Options\nSCSIC: Vendor Software Development Integrity Controls\nSP80053: CM-09, SA-15"
"Configure the Compilation, Interpreter, and Build Processes to Improve Executable Security (PW.6)","PW.6.2: Determine which compiler, interpreter, and build tool features should be used and how each should be configured, then implement and use the approved configurations.","Example 1: Enable compiler features that produce warnings for poorly secured code during the compilation process.\nExample 2: Implement the ""clean build"" concept, where all compiler warnings are treated as errors and eliminated except those determined to be false positives or irrelevant.\nExample 3: Perform all builds in a dedicated, highly controlled build environment.\nExample 4: Enable compiler features that randomize or obfuscate execution characteristics, such as memory location usage, that would otherwise be predictable and thus potentially exploitable.\nExample 5: Test to ensure that the features are working as expected and are not inadvertently causing any operational issues or other problems.\nExample 6: Continuously verify that the approved configurations are being used.\nExample 7: Make the approved tool configurations available as configuration-as-code so developers can readily use them.","BSAFSS: DE.2-3, DE.2-4, DE.2-5\nBSIMM: SE2.4, SE3.2\nCNCFSSCP: Securing Build Pipelines—Verification, Automation\nIEC62443: SI-2\nIR8397: 2.5\nMSSDL: 8\nOWASPASVS: 14.1, 14.2.1\nOWASPMASVS: 7.2\nPCISSLC: 3.2\nSCAGILE: Operational Security Task 8\nSCFPSSD: Use Current Compiler and Toolchain Versions and Secure Compiler Options\nSCSIC: Vendor Software Development Integrity Controls\nSP80053: CM-02, CM-09, SA-15, SC-38, SR-09\nSP800161: SR-09\nSP800181: K0039, K0070"
"Review and/or Analyze Human-Readable Code to Identify Vulnerabilities and Verify Compliance with Security Requirements (PW.7): Help identify vulnerabilities so that they can be corrected before the software is released to prevent exploitation. Using automated methods lowers the effort and resources needed to detect vulnerabilities. Human-readable code includes source code, scripts, and any other form of code that an organization deems human-readable.","PW.7.1: Determine whether code review (a person looks directly at the code to find issues) and/or code analysis (tools are used to find issues in code, either in a fully automated way or in conjunction with a person) should be used, as defined by the organization.","Example 1: Follow the organization's policies or guidelines for when code review should be performed and how it should be conducted. This may include third-party code and reusable code modules written in-house.\nExample 2: Follow the organization's policies or guidelines for when code analysis should be performed and how it should be conducted.\nExample 3: Choose code review and/or analysis methods based on the stage of the software.","BSIMM: CR1.5\nIEC62443: SM-5, SI-1, SVV-1\nNISTLABEL: 2.2.2.2\nSCSIC: Peer Reviews and Security Testing\nSP80053: CA-02, CM-09, RA-05, SA-11\nSP800181: SP-DEV-002; K0013, K0039, K0070, K0153, K0165; S0174"
"Review and/or Analyze Human-Readable Code to Identify Vulnerabilities and Verify Compliance with Security Requirements (PW.7)","PW.7.2: Perform the code review and/or code analysis based on the organization's secure coding standards, and record and triage all discovered issues and recommended remediations in the development team's workflow or issue tracking system.","Example 1: Perform peer review of code, and review any existing code review, analysis, or testing results as part of the peer review.\nExample 2: Use expert reviewers to check code for backdoors and other malicious content.\nExample 3: Use peer reviewing tools that facilitate the peer review process, and document all discussions and other feedback.\nExample 4: Use a static analysis tool to automatically check code for vulnerabilities and compliance with the organization's secure coding standards with a human reviewing the issues reported by the tool and remediating them as necessary.\nExample 5: Use review checklists to verify that the code complies with the requirements.\nExample 6: Use automated tools to identify and remediate documented and verified unsafe software practices on a continuous basis as human-readable code is checked into the code repository.\nExample 7: Identify and document the root causes of discovered issues.\nExample 8: Document lessons learned from code review and analysis in a wiki that developers can access and search.","BSAFSS: TV.2, PD.1-4\nBSIMM: CR1.2, CR1.4, CR1.6, CR2.6, CR2.7, CR3.4, CR3.5\nIDASoar: 3, 4, 5, 14, 15, 48\nIEC62443: SI-1, SVV-1, SVV-2\nIR8397: 2.3, 2.4\nISO27034: 7.3.6\nMSSDL: 9, 10\nNISTLABEL: 2.2.2.2\nOWASPASVS: 1.1.7, 10\nOWASPMASVS: 7.5\nOWASPSAMM: IR1-B, IR2-A, IR2-B, IR3-A\nPCISSLC: 3.2, 4.1\nSCAGILE: Operational Security Tasks 4, 7; Tasks Requiring the Help of Security Experts 10\nSCFPSSD: Use Code Analysis Tools to Find Security Issues Early, Use Static Analysis Security Testing Tools, Perform Manual Verification of Security Features/Mitigations\nSCSIC: Peer Reviews and Security Testing\nSP80053: CA-02, CM-09, RA-05, SA-11, SA-11(01), SA-11(04), SA-15, SA-15(07), SI-02\nSP800161: CA-02\nSP800181: SP-DEV-001, SP-DEV-002; T0013, T0111, T0176, T0267, T0516; K0009, K0039, K0070, K0140, K0624; S0019, S0060, S0078, S0137, S0149, S0167, S0174, S0242, S0266; A0007, A0015, A0036, A0044, A0047"
"Test Executable Code to Identify Vulnerabilities and Verify Compliance with Security Requirements (PW.8): Help identify vulnerabilities so that they can be corrected before the software is released in order to prevent exploitation. Using automated methods lowers the effort and resources needed to detect vulnerabilities and improves traceability and repeatability. Executable code includes binaries, directly executed bytecode and source code, and any other form of code that an organization deems executable.","PW.8.1: Determine whether executable code testing should be performed to find vulnerabilities not identified by previous reviews, analysis, or testing and, if so, which types of testing should be used.","Example 1: Follow the organization's policies or guidelines for when code testing should be performed and how it should be conducted (e.g., within a sandboxed environment). This may include third-party executable code and reusable executable code modules written in-house.\nExample 2: Choose testing methods based on the stage of the software.","BSAFSS: TV.3\nBSIMM: PT2.3\nIEC62443: SVV-1, SVV-2, SVV-3, SVV-4, SVV-5\nNISTLABEL: 2.2.2.2\nSCSIC: Peer Reviews and Security Testing\nSP80053: RA-05, SA-11, SA-15\nSP800181: SP-DEV-001, SP-DEV-002; T0456; K0013, K0039, K0070, K0153, K0165, K0342, K0367, K0536, K0624; S0001, S0015, S0026, S0061, S0083, S0112, S0135"
"Test Executable Code to Identify Vulnerabilities and Verify Compliance with Security Requirements (PW.8)","PW.8.2: Scope the testing, design the tests, perform the testing, and document the results, including recording and triaging all discovered issues and recommended remediations in the development team's workflow or issue tracking system.","Example 1: Perform robust functional testing of security features, including failure path testing.\nExample 2: Integrate dynamic vulnerability testing into the project's automated test suite.\nExample 3: Incorporate tests for previously reported vulnerabilities into the project's test suite to ensure that errors are not reintroduced.\nExample 4: Take into consideration the infrastructures and technology stacks that the software will be used with in production when developing test plans.\nExample 5: Use fuzz testing tools to find issues with input handling.\nExample 6: If resources are available, use penetration testing to simulate how an attacker might attempt to compromise the software in high-risk scenarios.\nExample 7: Identify and record the root causes of discovered issues.\nExample 8: Document lessons learned from code testing in a wiki that developers can access and search.\nExample 9: Use source code, design records, and other resources when developing test plans.\nExample 10: Identify third-party dependencies, and conduct robust tests to exercise the functionality that uses these dependencies.","BSAFSS: TV.3, TV.5, PD.1-4\nBSIMM: ST1.1, ST1.3, ST1.4, ST2.4, ST2.5, ST2.6, ST3.3, ST3.4, ST3.5, ST3.6, PT1.1, PT1.2, PT1.3, PT3.1\nIDASoar: 7, 8, 10, 11, 38, 39, 43, 44, 48, 55, 56, 57\nIEC62443: SM-5, SM-13, SI-1, SVV-1, SVV-2, SVV-3, SVV-4, SVV-5\nIR8397: 2.6, 2.7, 2.8, 2.9, 2.10, 2.11\nISO27034: 7.3.6\nMSSDL: 10, 11\nNISTLABEL: 2.2.2.2\nOWASPMASVS: 7.5\nOWASPSAMM: ST1-A, ST1-B, ST2-A, ST2-B, ST3-A\nPCISSLC: 4.1\nSCAGILE: Operational Security Tasks 10, 11; Tasks Requiring the Help of Security Experts 4, 5, 6, 7\nSCFPSSD: Perform Dynamic Analysis Security Testing, Fuzz Parsers, Network Vulnerability Scanning, Perform Automated Functional Testing of Security Features/Mitigations, Perform Penetration Testing\nSCSIC: Peer Reviews and Security Testing\nSP80053: CA-02, CM-03, CM-09, RA-05, RA-05(03), SA-11, SA-11(05), SA-11(08), SA-15, SA-15(07), SI-02\nSP800161: CA-02, CM-03\nSP800181: SP-DEV-001, SP-DEV-002; T0013, T0028, T0169, T0176, T0253, T0266, T0456, T0516; K0009, K0039, K0070, K0272, K0339, K0342, K0362, K0536, K0624; S0001, S0015, S0046, S0051, S0078, S0081, S0083, S0135, S0137, S0167, S0242; A0015"
"Configure Software to Have Secure Settings by Default (PW.9): Help improve the security of the software at the time of installation to reduce the likelihood of the software being deployed with weak security settings, putting it at greater risk of compromise.","PW.9.1: Define a secure baseline by determining how to configure each setting that has an effect on security or a security-related setting so that the default settings are secure and do not weaken the security functions provided by the platform, network infrastructure, or services.","Example 1: Conduct testing to ensure that the settings, including the default settings, are working as expected and are not inadvertently causing any security weaknesses, operational issues, or other problems.\nExample 2: Prohibit the use of default passwords or hard-coded secrets and protection mechanisms.\nExample 3: Make available a robust range of settings with secure default values that enable software administrators to control logging capabilities (e.g., changes to configuration, security events, safety events) and how long log entries are retained.","BSAFSS: CF.1\nBSIMM: SE2.2\nIDASoar: 23\nIEC62443: SD-4, SVV-1, SG-1\nISO27034: 7.3.5\nSCAGILE: Tasks Requiring the Help of Security Experts 12\nSCSIC: Vendor Software Delivery Integrity Controls, Vendor Software Development Integrity Controls\nSP80053: CM-02, CM-06, CM-09\nSP800181: SP-DEV-002; K0009, K0039, K0073, K0153, K0165, K0275, K0531; S0167"
"Configure Software to Have Secure Settings by Default (PW.9)","PW.9.2: Implement the default settings (or groups of default settings, if applicable), and document each setting for software administrators.","Example 1: Verify that the approved configuration is in place for the software.\nExample 2: Document each setting's purpose, options, default value, security relevance, potential operational impact, and relationships with other settings.\nExample 3: Use authoritative programmatic technical mechanisms to record how each setting can be implemented and assessed by software administrators.\nExample 4: Store the default configuration in a usable format and follow change control practices for modifying it (e.g., configuration as code).","BSAFSS: CF.1\nBSIMM: SE2.2\nIDASoar: 23\nIEC62443: SG-3\nOWASPSAMM: OE1-A\nPCISSLC: 8.1, 8.2\nSCAGILE: Tasks Requiring the Help of Security Experts 12\nSCFPSSD: Verify Secure Configurations and Use of Platform Mitigation\nSCSIC: Vendor Software Delivery Integrity Controls, Vendor Software Development Integrity Controls\nSP80053: AC-02, AC-03, CM-02, CM-06, SA-05, SA-08, SA-08(23)\nSP800161: CM-02, CM-06\nSP800181: SP-DEV-001; K0009, K0039, K0073, K0153, K0165, K0275, K0531"
"Identify and Confirm Vulnerabilities on an Ongoing Basis (RV.1): Help ensure that vulnerabilities are identified more quickly so that they can be remediated more quickly in accordance with risk, reducing the window of opportunity for attackers.","RV.1.1: Gather information from software acquirers, users, and public sources on potential vulnerabilities in the software and third-party components that the software uses, and investigate all credible reports.","Example 1: Monitor vulnerability databases, security mailing lists, and other sources of vulnerability reports through manual or automated means.\nExample 2: Use threat intelligence sources to better understand how vulnerabilities in general are being exploited.\nExample 3: Automatically review provenance and software composition data for all software components to identify any new vulnerabilities they have.","BSAFSS: VM.1-3, VM.3\nBSIMM: AM1.5, CMVM1.2, CMVM2.1, CMVM3.4, CMVM3.7\nCNCFSSCP: Securing Materials—Verification\nIEC62443: DM-1, DM-2, DM-3\n[ISO29147]: 6.2.1, 6.2.2, 6.2.4, 6.3, 6.5\n[ISO30111]: 7.1.3\nOWASPSAMM: IM1-A, IM2-B, EH1-B\nOWASPSCVS: 4\nPCISSLC: 3.4, 4.1, 9.1\nSCAGILE: Operational Security Task 5\nSCFPSSD: Vulnerability Response and Disclosure\nSCTPC: MONITOR1\nSP80053: RA-05, SA-10, SI-05, SR-03, SR-04\nSP800161: SR-04\nSP800181: K0009, K0038, K0040, K0070, K0161, K0362; S0078"
"Identify and Confirm Vulnerabilities on an Ongoing Basis (RV.1)","RV.1.2: Review, analyze, and/or test the software's code and its default and other common configurations to identify or confirm the presence of previously undetected vulnerabilities.","Example 1: Configure the toolchain to perform automated code analysis and testing on a regular or continuous basis for all supported releases.\nExample 2: See PW.7 and PW.8.\nExample 3: Monitor customer issues to determine whether default configurations should be updated and whether alerts should be added to the software to warn customers about insecure configurations.","BSAFSS: VM.1-2, VM.2-1\nBSIMM: CMVM3.1\nIEC62443: SI-1, SVV-2, SVV-3, SVV-4, DM-1, DM-2\nISO27034: 7.3.6\nISO29147: 6.4\nISO30111: 7.1.4\nPCISSLC: 3.4, 4.1\nSCAGILE: Operational Security Tasks 10, 11\nSP80053: CM-06, RA-05, SA-11, SI-07\nSP800181: SP-DEV-002; K0009, K0039, K0153"
"Identify and Confirm Vulnerabilities on an Ongoing Basis (RV.1)","RV.1.3: Have a policy that addresses vulnerability disclosure and remediation, and implement the roles, responsibilities, and processes needed to support that policy.","Example 1: Establish a vulnerability disclosure program, and make it easy for security researchers to learn about the program and report possible vulnerabilities.\nExample 2: Have a Product Security Incident Response Team (PSIRT) and processes in place to handle the responses to vulnerability reports and incidents, including communications plans for all stakeholders.\nExample 3: Have a security response playbook to handle a generic reported vulnerability, a report of zero days, a vulnerability being exploited in the wild, and a major ongoing incident involving multiple parties and open-source software components.\nExample 4: Periodically conduct exercises of the product security incident response processes.","BSAFSS: VM.1-1, VM.2\nBSIMM: CMVM1.1, CMVM2.1, CMVM3.3, CMVM3.7\nIEC62443: DM-1, DM-2, DM-3, DM-4, DM-5\nISO29147: All\nISO30111: All\nMSSDL: 12\nNISTLABEL: 2.2.2.3\nOWASPMASVS: 1.11\nOWASPSAMM: IM1-A, IM1-B, IM2-A, IM2-B\nPCISSLC: 9.2, 9.3\nSCFPSSD: Vulnerability Response and Disclosure\nSP80053: AC-02, AC-03, CM-09, IR-01, IR-08, RA-05, RA-05(11), SA-15, SA-15(10)\nSP800160: 3.3.8\nSP800181: K0041, K0042, K0151, K0292, K0317; S0054; A0025\n[SP800216]: All"
"Assess, Prioritize, and Remediate Vulnerabilities (RV.2): Help ensure that vulnerabilities are remediated in accordance with risk to reduce the window of opportunity for attackers.","RV.2.1: Analyze each vulnerability to gather sufficient information about risk and plan its remediation or other risk response.","Example 1: Use existing issue tracking software to record each vulnerability.\nExample 2: Perform risk calculations for each vulnerability based on estimates of its exploitability, the potential impact if exploited, and any other relevant characteristics.","BSAFSS: VM.2\nBSIMM: CMVM1.2, CMVM2.2\nIEC62443: DM-2, DM-3\nISO30111: 7.1.4\nNISTLABEL: 2.2.2.2\nPCISSLC: 3.4, 4.2\nSCAGILE: Operational Security Task 1, Tasks Requiring the Help of Security Experts 10\nSP80053: CM-03, CM-04, RA-05, RA-05(04), SA-10, SA-15(07)\nSP800160: 3.3.8\nSP800161: CM-03\nSP800181: K0009, K0039, K0070, K0161, K0165; S0078"
"Assess, Prioritize, and Remediate Vulnerabilities (RV.2)","RV.2.2: Plan and implement risk responses for vulnerabilities.","Example 1: Make a risk-based decision as to whether each vulnerability will be remediated or if the risk will be addressed through other means (e.g., risk acceptance, risk transference), and prioritize any actions to be taken.\nExample 2: If a remediation for a vulnerability is not yet available, determine how the vulnerability can be temporarily mitigated until the permanent solution is available, and add that temporary mitigation to the plan.\nExample 3: Develop and release security advisories that provide the necessary information to software acquirers, including descriptions of what the vulnerabilities are, how to find instances of the vulnerable software, and how to address them (e.g., where to get patches and what the patches change in the software, what configuration settings may need to be changed, how temporary workarounds could be implemented).\nExample 4: Deliver remediations to acquirers via an automated and trusted delivery mechanism. A single remediation could address multiple vulnerabilities.\nExample 5: Update and periodically review records of design decisions, risk responses, and approved exceptions as needed. See PW.1.2.","BSAFSS: VM.1-1, VM-2\nBSIMM: CMVM2.1\nIEC62443: DM-4\nISO30111: 7.1.4, 7.1.5\nNISTLABEL: 2.2.2.2\nPCISSLC: 4.1, 4.2, 10.1\nSCAGILE: Operational Security Task 2\nSCFPSSD: Fix the Vulnerability, Identify Mitigating Factors or Workarounds\nSCTPC: MITIGATE\nSP80053: CM-03, CM-04, CM-05, CM-06, SA-05, SA-10, SA-11, SA-15, SA-15(07)\nSP800160: 3.3.8\nSP800161: CM-03, CM-06\nSP800181: T0163, T0229, T0264; K0009, K0070"
"Analyze Vulnerabilities to Identify Their Root Causes (RV.3): Help reduce the frequency of vulnerabilities in the future.","RV.3.1: Analyze identified vulnerabilities to determine their root causes.","Example 1: Record the root cause of discovered issues.\nExample 2: Record lessons learned through root cause analysis in a wiki that developers can access and search.","BSAFSS: VM.2-1\nBSIMM: CMVM3.1, CMVM3.2\nIEC62443: DM-3\nISO30111: 7.1.4\nOWASPSAMM: IM3-A\nPCISSLC: 4.2\nSCFPSSD: Secure Development Lifecycle Feedback\nSP80053: RA-05, SA-11, SA-11(02)\nSP800181: T0047, K0009, K0039, K0070, K0343"
"Analyze Vulnerabilities to Identify Their Root Causes (RV.3)","RV.3.2: Analyze the root causes over time to identify patterns, such as a particular secure coding practice not being followed consistently.","Example 1: Record lessons learned through root cause analysis in a wiki that developers can access and search.\nExample 2: Add mechanisms to the toolchain to automatically detect future instances of the root cause.\nExample 3: Update manual processes to detect future instances of the root cause.","BSAFSS: VM.2-1, PD.1-3\nBSIMM: CP3.3, CMVM3.2\nIEC62443: DM-4\nISO30111: 7.1.7\nOWASPSAMM: IM3-B\nPCISSLC: 2.6, 4.2\nSCFPSSD: Secure Development Lifecycle Feedback\nSP80053: CA-07, CA-07(03), RA-05, RA-05(06), RA-05(08)\nSP800160: 3.3.8\nSP800181: T0111, K0009, K0039, K0070, K0343"
"Analyze Vulnerabilities to Identify Their Root Causes (RV.3)","RV.3.3: Review software for similar vulnerabilities to eradicate a class of vulnerabilities and proactively remediate them rather than waiting for external reports.","Example 1: See PW.7 and PW.8.","BSAFSS: VM.2\nBSIMM: CR3.3, CMVM3.1\nIEC62443: SI-1, DM-3, DM-4\nISO30111: 7.1.4\nPCISSLC: 4.2\nSP80053: RA-05, RA-05(02), RA-05(06), RA-05(10), SA-11, SI-02, SI-02(07)\nSP800181: SP-DEV-001, SP-DEV-002; K0009, K0039, K0070"
"Analyze Vulnerabilities to Identify Their Root Causes (RV.3)","RV.3.4: Review the SDLC process, and update it if appropriate to prevent (or reduce the likelihood of) the root cause recurring in updates to the software or in new software that is created.","Example 1: Record lessons learned through root cause analysis in a wiki that developers can access and search.\nExample 2: Plan and implement changes to the appropriate SDLC practices.","BSAFSS: PD.1-3\nBSIMM: CP3.3, CMVM3.2\nIEC62443: DM-6\nISO30111: 7.1.7\nMSSDL: 2\nPCISSLC: 2.6, 4.2\nSCFPSSD: Secure Development Lifecycle Feedback\nSP80053: AU-02, RA-01, SA-03, SA-15"
